consumer_id	stable_product_anchor	test_name	cell	rc	test_sha256	product_sha256	boundscheck_sha256	product_path	result_path	ldd_path
runtime_dispatch	WCollector.cpp:DoGarbageCollection->Generation.cpp:DoYoungGarbageCollection	LateEdgeFollowReceiptReachesYoungRuntimeDispatch	T0P0	0	b7f2adee9d9c55b93ce4d6604ca9b88fdb59edf947c8403efce058d2f9f9f53a	dd01941667431d97c4d142741384f6e66d6e26b7f242ac473ebade68087b7d0c	51958409e22f04511a3a1aeeccc7b35078c2c92d6c9db9134213597158516b9c	/root/impl_zgc_minorconc_r2_evidence/receipt_matrix_r2_v8/y2y_matrix/P0/libcangjie-runtime.so	/root/impl_zgc_minorconc_r2_evidence/receipt_all_active_matrix_v8/T0P0_LateEdgeFollowReceiptReachesYoungRuntimeDispatch.out	/root/impl_zgc_minorconc_r2_evidence/receipt_matrix_r2_v8/y2y_matrix/T0P0.ldd
runtime_dispatch	WCollector.cpp:DoGarbageCollection->Generation.cpp:DoYoungGarbageCollection	LateEdgeFollowReceiptReachesYoungRuntimeDispatch	T0P1	1	b7f2adee9d9c55b93ce4d6604ca9b88fdb59edf947c8403efce058d2f9f9f53a	d93c2c203f5c77b7fbbb2adc0899194e98fd7ef642c50af4c4029016bc433b49	51958409e22f04511a3a1aeeccc7b35078c2c92d6c9db9134213597158516b9c	/root/impl_zgc_minorconc_r2_evidence/receipt_all_active_matrix_v8/P1/libcangjie-runtime.so	/root/impl_zgc_minorconc_r2_evidence/receipt_all_active_matrix_v8/T0P1_LateEdgeFollowReceiptReachesYoungRuntimeDispatch.out	/root/impl_zgc_minorconc_r2_evidence/receipt_all_active_matrix_v8/T0P1.ldd
runtime_dispatch	WCollector.cpp:DoGarbageCollection->Generation.cpp:DoYoungGarbageCollection	LateEdgeFollowReceiptReachesYoungRuntimeDispatch	T1P0	0	0fd867af92a3045a7ecb12f711ed02b3f04f0eaa9377cad07ea495a691a467dc	dd01941667431d97c4d142741384f6e66d6e26b7f242ac473ebade68087b7d0c	51958409e22f04511a3a1aeeccc7b35078c2c92d6c9db9134213597158516b9c	/root/impl_zgc_minorconc_r2_evidence/receipt_matrix_r2_v8/y2y_matrix/P0/libcangjie-runtime.so	/root/impl_zgc_minorconc_r2_evidence/receipt_all_active_matrix_v8/T1P0_LateEdgeFollowReceiptReachesYoungRuntimeDispatch.out	/root/impl_zgc_minorconc_r2_evidence/receipt_all_active_matrix_v8/T1P0.ldd
runtime_dispatch	WCollector.cpp:DoGarbageCollection->Generation.cpp:DoYoungGarbageCollection	LateEdgeFollowReceiptReachesYoungRuntimeDispatch	TrPr	0	b7f2adee9d9c55b93ce4d6604ca9b88fdb59edf947c8403efce058d2f9f9f53a	dd01941667431d97c4d142741384f6e66d6e26b7f242ac473ebade68087b7d0c	51958409e22f04511a3a1aeeccc7b35078c2c92d6c9db9134213597158516b9c	/root/impl_zgc_minorconc_r2_evidence/receipt_all_active_matrix_v8/Pr/libcangjie-runtime.so	/root/impl_zgc_minorconc_r2_evidence/receipt_all_active_matrix_v8/TrPr_LateEdgeFollowReceiptReachesYoungRuntimeDispatch.out	/root/impl_zgc_minorconc_r2_evidence/receipt_all_active_matrix_v8/TrPr.ldd
initial_epoch_root	Generation.cpp:produceYoungRoots/MergeRoots+GetRetiredObjects	LateEdgeFollowReceiptReachesYoungRuntimeDispatch	T0P0	0	b7f2adee9d9c55b93ce4d6604ca9b88fdb59edf947c8403efce058d2f9f9f53a	dd01941667431d97c4d142741384f6e66d6e26b7f242ac473ebade68087b7d0c	51958409e22f04511a3a1aeeccc7b35078c2c92d6c9db9134213597158516b9c	/root/impl_zgc_minorconc_r2_evidence/receipt_matrix_r2_v8/y2y_matrix/P0/libcangjie-runtime.so	/root/impl_zgc_minorconc_r2_evidence/receipt_all_active_matrix_v8/T0P0_LateEdgeFollowReceiptReachesYoungRuntimeDispatch.out	/root/impl_zgc_minorconc_r2_evidence/receipt_matrix_r2_v8/y2y_matrix/T0P0.ldd
initial_epoch_root	Generation.cpp:produceYoungRoots/MergeRoots+GetRetiredObjects	LateEdgeFollowReceiptReachesYoungRuntimeDispatch	T0P1	1	b7f2adee9d9c55b93ce4d6604ca9b88fdb59edf947c8403efce058d2f9f9f53a	d93c2c203f5c77b7fbbb2adc0899194e98fd7ef642c50af4c4029016bc433b49	51958409e22f04511a3a1aeeccc7b35078c2c92d6c9db9134213597158516b9c	/root/impl_zgc_minorconc_r2_evidence/receipt_all_active_matrix_v8/P1/libcangjie-runtime.so	/root/impl_zgc_minorconc_r2_evidence/receipt_all_active_matrix_v8/T0P1_LateEdgeFollowReceiptReachesYoungRuntimeDispatch.out	/root/impl_zgc_minorconc_r2_evidence/receipt_all_active_matrix_v8/T0P1.ldd
initial_epoch_root	Generation.cpp:produceYoungRoots/MergeRoots+GetRetiredObjects	LateEdgeFollowReceiptReachesYoungRuntimeDispatch	T1P0	0	0fd867af92a3045a7ecb12f711ed02b3f04f0eaa9377cad07ea495a691a467dc	dd01941667431d97c4d142741384f6e66d6e26b7f242ac473ebade68087b7d0c	51958409e22f04511a3a1aeeccc7b35078c2c92d6c9db9134213597158516b9c	/root/impl_zgc_minorconc_r2_evidence/receipt_matrix_r2_v8/y2y_matrix/P0/libcangjie-runtime.so	/root/impl_zgc_minorconc_r2_evidence/receipt_all_active_matrix_v8/T1P0_LateEdgeFollowReceiptReachesYoungRuntimeDispatch.out	/root/impl_zgc_minorconc_r2_evidence/receipt_all_active_matrix_v8/T1P0.ldd
initial_epoch_root	Generation.cpp:produceYoungRoots/MergeRoots+GetRetiredObjects	LateEdgeFollowReceiptReachesYoungRuntimeDispatch	TrPr	0	b7f2adee9d9c55b93ce4d6604ca9b88fdb59edf947c8403efce058d2f9f9f53a	dd01941667431d97c4d142741384f6e66d6e26b7f242ac473ebade68087b7d0c	51958409e22f04511a3a1aeeccc7b35078c2c92d6c9db9134213597158516b9c	/root/impl_zgc_minorconc_r2_evidence/receipt_all_active_matrix_v8/Pr/libcangjie-runtime.so	/root/impl_zgc_minorconc_r2_evidence/receipt_all_active_matrix_v8/TrPr_LateEdgeFollowReceiptReachesYoungRuntimeDispatch.out	/root/impl_zgc_minorconc_r2_evidence/receipt_all_active_matrix_v8/TrPr.ldd
concurrent_mark_retired	Mark.cpp:MarkYoungSatbBuffer/GetRetiredEntries	LateEdgeFollowReceiptReachesYoungMarkConsumer	T0P0	0	b7f2adee9d9c55b93ce4d6604ca9b88fdb59edf947c8403efce058d2f9f9f53a	dd01941667431d97c4d142741384f6e66d6e26b7f242ac473ebade68087b7d0c	51958409e22f04511a3a1aeeccc7b35078c2c92d6c9db9134213597158516b9c	/root/impl_zgc_minorconc_r2_evidence/receipt_matrix_r2_v8/y2y_matrix/P0/libcangjie-runtime.so	/root/impl_zgc_minorconc_r2_evidence/receipt_all_active_matrix_v8/T0P0_LateEdgeFollowReceiptReachesYoungMarkConsumer.out	/root/impl_zgc_minorconc_r2_evidence/receipt_matrix_r2_v8/y2y_matrix/T0P0.ldd
concurrent_mark_retired	Mark.cpp:MarkYoungSatbBuffer/GetRetiredEntries	LateEdgeFollowReceiptReachesYoungMarkConsumer	T0P1	1	b7f2adee9d9c55b93ce4d6604ca9b88fdb59edf947c8403efce058d2f9f9f53a	d93c2c203f5c77b7fbbb2adc0899194e98fd7ef642c50af4c4029016bc433b49	51958409e22f04511a3a1aeeccc7b35078c2c92d6c9db9134213597158516b9c	/root/impl_zgc_minorconc_r2_evidence/receipt_all_active_matrix_v8/P1/libcangjie-runtime.so	/root/impl_zgc_minorconc_r2_evidence/receipt_all_active_matrix_v8/T0P1_LateEdgeFollowReceiptReachesYoungMarkConsumer.out	/root/impl_zgc_minorconc_r2_evidence/receipt_all_active_matrix_v8/T0P1.ldd
concurrent_mark_retired	Mark.cpp:MarkYoungSatbBuffer/GetRetiredEntries	LateEdgeFollowReceiptReachesYoungMarkConsumer	T1P0	0	0fd867af92a3045a7ecb12f711ed02b3f04f0eaa9377cad07ea495a691a467dc	dd01941667431d97c4d142741384f6e66d6e26b7f242ac473ebade68087b7d0c	51958409e22f04511a3a1aeeccc7b35078c2c92d6c9db9134213597158516b9c	/root/impl_zgc_minorconc_r2_evidence/receipt_matrix_r2_v8/y2y_matrix/P0/libcangjie-runtime.so	/root/impl_zgc_minorconc_r2_evidence/receipt_all_active_matrix_v8/T1P0_LateEdgeFollowReceiptReachesYoungMarkConsumer.out	/root/impl_zgc_minorconc_r2_evidence/receipt_all_active_matrix_v8/T1P0.ldd
concurrent_mark_retired	Mark.cpp:MarkYoungSatbBuffer/GetRetiredEntries	LateEdgeFollowReceiptReachesYoungMarkConsumer	TrPr	0	b7f2adee9d9c55b93ce4d6604ca9b88fdb59edf947c8403efce058d2f9f9f53a	dd01941667431d97c4d142741384f6e66d6e26b7f242ac473ebade68087b7d0c	51958409e22f04511a3a1aeeccc7b35078c2c92d6c9db9134213597158516b9c	/root/impl_zgc_minorconc_r2_evidence/receipt_all_active_matrix_v8/Pr/libcangjie-runtime.so	/root/impl_zgc_minorconc_r2_evidence/receipt_all_active_matrix_v8/TrPr_LateEdgeFollowReceiptReachesYoungMarkConsumer.out	/root/impl_zgc_minorconc_r2_evidence/receipt_all_active_matrix_v8/TrPr.ldd
pre_release_y2y	Generation.cpp:pre-release/MergeY2yDirtyHolders	Y2yAfterReleaseBatchForcesContinueAndReachesClosure	T0P0	0	b7f2adee9d9c55b93ce4d6604ca9b88fdb59edf947c8403efce058d2f9f9f53a	dd01941667431d97c4d142741384f6e66d6e26b7f242ac473ebade68087b7d0c	51958409e22f04511a3a1aeeccc7b35078c2c92d6c9db9134213597158516b9c	/root/impl_zgc_minorconc_r2_evidence/receipt_matrix_r2_v8/y2y_matrix/P0/libcangjie-runtime.so	/root/impl_zgc_minorconc_r2_evidence/receipt_all_active_matrix_v8/T0P0_Y2yAfterReleaseBatchForcesContinueAndReachesClosure.out	/root/impl_zgc_minorconc_r2_evidence/receipt_matrix_r2_v8/y2y_matrix/T0P0.ldd
pre_release_y2y	Generation.cpp:pre-release/MergeY2yDirtyHolders	Y2yAfterReleaseBatchForcesContinueAndReachesClosure	T0P1	1	b7f2adee9d9c55b93ce4d6604ca9b88fdb59edf947c8403efce058d2f9f9f53a	d93c2c203f5c77b7fbbb2adc0899194e98fd7ef642c50af4c4029016bc433b49	51958409e22f04511a3a1aeeccc7b35078c2c92d6c9db9134213597158516b9c	/root/impl_zgc_minorconc_r2_evidence/receipt_all_active_matrix_v8/P1/libcangjie-runtime.so	/root/impl_zgc_minorconc_r2_evidence/receipt_all_active_matrix_v8/T0P1_Y2yAfterReleaseBatchForcesContinueAndReachesClosure.out	/root/impl_zgc_minorconc_r2_evidence/receipt_all_active_matrix_v8/T0P1.ldd
pre_release_y2y	Generation.cpp:pre-release/MergeY2yDirtyHolders	Y2yAfterReleaseBatchForcesContinueAndReachesClosure	T1P0	0	0fd867af92a3045a7ecb12f711ed02b3f04f0eaa9377cad07ea495a691a467dc	dd01941667431d97c4d142741384f6e66d6e26b7f242ac473ebade68087b7d0c	51958409e22f04511a3a1aeeccc7b35078c2c92d6c9db9134213597158516b9c	/root/impl_zgc_minorconc_r2_evidence/receipt_matrix_r2_v8/y2y_matrix/P0/libcangjie-runtime.so	/root/impl_zgc_minorconc_r2_evidence/receipt_all_active_matrix_v8/T1P0_Y2yAfterReleaseBatchForcesContinueAndReachesClosure.out	/root/impl_zgc_minorconc_r2_evidence/receipt_all_active_matrix_v8/T1P0.ldd
pre_release_y2y	Generation.cpp:pre-release/MergeY2yDirtyHolders	Y2yAfterReleaseBatchForcesContinueAndReachesClosure	TrPr	0	b7f2adee9d9c55b93ce4d6604ca9b88fdb59edf947c8403efce058d2f9f9f53a	dd01941667431d97c4d142741384f6e66d6e26b7f242ac473ebade68087b7d0c	51958409e22f04511a3a1aeeccc7b35078c2c92d6c9db9134213597158516b9c	/root/impl_zgc_minorconc_r2_evidence/receipt_all_active_matrix_v8/Pr/libcangjie-runtime.so	/root/impl_zgc_minorconc_r2_evidence/receipt_all_active_matrix_v8/TrPr_Y2yAfterReleaseBatchForcesContinueAndReachesClosure.out	/root/impl_zgc_minorconc_r2_evidence/receipt_all_active_matrix_v8/TrPr.ldd
pause_mark_end	Generation.cpp:mark-end/MergeRoots+MergeYoungAllocBlack+MergeY2yDirtyHolders;Mark.cpp:TryEndYoungMark/GetRetiredEntries	Y2yAfterReleaseBatchForcesContinueAndReachesClosure+SatbAfterWorkerTerminationUsesBoundedMarkEndContinue	T0P0	0+0	b7f2adee9d9c55b93ce4d6604ca9b88fdb59edf947c8403efce058d2f9f9f53a	dd01941667431d97c4d142741384f6e66d6e26b7f242ac473ebade68087b7d0c	51958409e22f04511a3a1aeeccc7b35078c2c92d6c9db9134213597158516b9c	/root/impl_zgc_minorconc_r2_evidence/receipt_matrix_r2_v8/y2y_matrix/P0/libcangjie-runtime.so	/root/impl_zgc_minorconc_r2_evidence/receipt_all_active_matrix_v8/T0P0_Y2yAfterReleaseBatchForcesContinueAndReachesClosure.out+/root/impl_zgc_minorconc_r2_evidence/receipt_all_active_matrix_v8/T0P0_SatbAfterWorkerTerminationUsesBoundedMarkEndContinue.out	/root/impl_zgc_minorconc_r2_evidence/receipt_matrix_r2_v8/y2y_matrix/T0P0.ldd
pause_mark_end	Generation.cpp:mark-end/MergeRoots+MergeYoungAllocBlack+MergeY2yDirtyHolders;Mark.cpp:TryEndYoungMark/GetRetiredEntries	Y2yAfterReleaseBatchForcesContinueAndReachesClosure+SatbAfterWorkerTerminationUsesBoundedMarkEndContinue	T0P1	1+1	b7f2adee9d9c55b93ce4d6604ca9b88fdb59edf947c8403efce058d2f9f9f53a	d93c2c203f5c77b7fbbb2adc0899194e98fd7ef642c50af4c4029016bc433b49	51958409e22f04511a3a1aeeccc7b35078c2c92d6c9db9134213597158516b9c	/root/impl_zgc_minorconc_r2_evidence/receipt_all_active_matrix_v8/P1/libcangjie-runtime.so	/root/impl_zgc_minorconc_r2_evidence/receipt_all_active_matrix_v8/T0P1_Y2yAfterReleaseBatchForcesContinueAndReachesClosure.out+/root/impl_zgc_minorconc_r2_evidence/receipt_all_active_matrix_v8/T0P1_SatbAfterWorkerTerminationUsesBoundedMarkEndContinue.out	/root/impl_zgc_minorconc_r2_evidence/receipt_all_active_matrix_v8/T0P1.ldd
pause_mark_end	Generation.cpp:mark-end/MergeRoots+MergeYoungAllocBlack+MergeY2yDirtyHolders;Mark.cpp:TryEndYoungMark/GetRetiredEntries	Y2yAfterReleaseBatchForcesContinueAndReachesClosure+SatbAfterWorkerTerminationUsesBoundedMarkEndContinue	T1P0	0+0	0fd867af92a3045a7ecb12f711ed02b3f04f0eaa9377cad07ea495a691a467dc	dd01941667431d97c4d142741384f6e66d6e26b7f242ac473ebade68087b7d0c	51958409e22f04511a3a1aeeccc7b35078c2c92d6c9db9134213597158516b9c	/root/impl_zgc_minorconc_r2_evidence/receipt_matrix_r2_v8/y2y_matrix/P0/libcangjie-runtime.so	/root/impl_zgc_minorconc_r2_evidence/receipt_all_active_matrix_v8/T1P0_Y2yAfterReleaseBatchForcesContinueAndReachesClosure.out+/root/impl_zgc_minorconc_r2_evidence/receipt_all_active_matrix_v8/T1P0_SatbAfterWorkerTerminationUsesBoundedMarkEndContinue.out	/root/impl_zgc_minorconc_r2_evidence/receipt_all_active_matrix_v8/T1P0.ldd
pause_mark_end	Generation.cpp:mark-end/MergeRoots+MergeYoungAllocBlack+MergeY2yDirtyHolders;Mark.cpp:TryEndYoungMark/GetRetiredEntries	Y2yAfterReleaseBatchForcesContinueAndReachesClosure+SatbAfterWorkerTerminationUsesBoundedMarkEndContinue	TrPr	0+0	b7f2adee9d9c55b93ce4d6604ca9b88fdb59edf947c8403efce058d2f9f9f53a	dd01941667431d97c4d142741384f6e66d6e26b7f242ac473ebade68087b7d0c	51958409e22f04511a3a1aeeccc7b35078c2c92d6c9db9134213597158516b9c	/root/impl_zgc_minorconc_r2_evidence/receipt_all_active_matrix_v8/Pr/libcangjie-runtime.so	/root/impl_zgc_minorconc_r2_evidence/receipt_all_active_matrix_v8/TrPr_Y2yAfterReleaseBatchForcesContinueAndReachesClosure.out+/root/impl_zgc_minorconc_r2_evidence/receipt_all_active_matrix_v8/TrPr_SatbAfterWorkerTerminationUsesBoundedMarkEndContinue.out	/root/impl_zgc_minorconc_r2_evidence/receipt_all_active_matrix_v8/TrPr.ldd
